src/cimm_1.jpg,cimm
src/cimm_2.jpg,cimm
src/cimm_3.jpg,cimm
src/cimm_4.jpg,cimm
src/cimm_5.jpg,cimm
src/gruppe_1.jpeg,gruppe
src/ivers_1.jpeg,ivers
src/ivers_2.jpeg,ivers
src/ivers_3.JPG,ivers
src/ivers_4.jpg,ivers
src/ivers_5.jpg,ivers
src/ivers_6.jpg,ivers
src/marte_1.jpeg,marte
src/marte_2.jpeg,marte
src/marte_3.jpeg,marte
src/marte_4.jpeg,marte
src/marte_5.jpeg,marte
src/marte_6.jpg,marte
src/mathilde_1.jpeg,mathilde
src/mathilde_2.jpeg,mathilde
src/mathilde_5.png,mathilde
src/nina_1.jpeg,nina
src/nina_2.jpeg,nina
src/nina_3.jpeg,nina
src/nina_4.jpeg,nina
src/nina_5.JPG,nina
src/petter_1.jpeg,petter
src/petter_2.png,petter
src/petter_3.png,petter
src/petter_4.jpeg,petter
src/petter_5.jpeg,petter
src/petter_6.jpeg,petter
src/sara_1.jpeg,sara
src/sara_2.png,sara
src/sara_3.png,sara
src/sara_4.jpeg,sara
src/sara_6.jpg,sara
src/victor_1.jpg,victor
src/victor_2.jpg,victor
src/victor_3.jpg,victor
src/victor_4.jpg,victor
src/victor_5.jpg,victor
src/winje_1.jpeg,winje
src/winje_3.jpeg,winje
src/winje2.jpg,winje
src/winje_4.jpeg,winje
src/winje_5.jpeg,winje
src/winje_6.jpeg,winje
